{
	"pages": [ //pages数组中第一项表示应用启动页，参考：https://uniapp.dcloud.io/collocation/pages
		{
			"path": "pages/index/index",
			"style": {
				"navigationBarTitleText": "文章",
				//允许下拉
				"enablePullDownRefresh":true
			}
		},
		{
			"path":"pages/message/message",
			"style":{
				"navigationBarTitleText":"消息"
			}
		},
		{
			"path":"pages/register_psd/register_psd",
			"style":{
				"navigationBarTitleText":"注册密码"
			}
		},
		{
			"path":"pages/goods/good6",
			"style":{
				"navigationBarTitleText":"商品详情"
			}
		},
		{
			"path":"pages/register/register",
			"style":{
				"navigationBarTitleText":"注册"
			}
		},
		{
			"path":"pages/my/my",
			"style":{
				"navigationBarTitleText":"我的",
				"enablePullDownRefresh":true
			}
		},
		{
			"path":"pages/shopping/shopping",
			"style":{
				"navigationBarTitleText":"简东西",
				"enablePullDownRefresh":true
			}
		},
		{
			"path":"pages/signin/signin",
			"style":{}
		},
		{
			"path":"pages/write/write",
			"style":{
				"navigationBarTitleText":"写文章"
			}
		},
		{
			"path":"pages/info/info",
			"style":{
				"navigationBarTitleText":"文章详情"
			}
		},
		{
			"path":"pages/info_1/info_1",
			"style":{
				"navigationBarTitleText":"文章详情"
			}
		},
		{
			"path":"pages/user_info/user_info",
			"style":{
				"navigationBarTitleText":"个人信息"
			}
		},
		{
			"path":"pages/setting/setting",
			"style":{}
		},
		{
			"path":"pages/all/all",
			"style":{}
		},
		{
			"path":"pages/view/view",
			"style":{}
		},
		{
			"path":"pages/travel/travel",
			"style":{}
		},
		{
			"path":"pages/flowerworld/flowerworld",
			"style":{}
		}
	],
	"globalStyle": {
		"navigationBarTextStyle": "black",
		"navigationBarTitleText": "简阅",
		"navigationBarBackgroundColor": "#F8F8F8",
		"backgroundColor": "#F8F8F8"
	},
	"tabBar":{
		"color":"#707070",
		"selectedColor":"#DE533A",
		"list":[{
			"pagePath":"pages/index/index",
			"text":"文章",
			"iconPath":"static/nav1.png",
			"selectedIconPath":"static/nav1-a.png"
		},
		{
			"pagePath":"pages/message/message",
			"text":"消息",
			"iconPath":"static/nav2.png",
			"selectedIconPath":"static/nav2-a.png"
		},
		{
			"pagePath":"pages/my/my",
			"text":"我的",
			"iconPath":"static/nav3.png",
			"selectedIconPath":"static/nav3-a.png"
		}
		]
	}
}
